brand,spinpotential,stringname,stringlink,materialcode
Alien,4.5,Black Diamond 16,http://www.tennis-warehouse.com/descpage-ABD16.html,P
Alpha,3.1,Gut 2000 16,http://www.tennis-warehouse.com/descpage-AG200016.html,N
Ashaway,4.6,Liberty 16,http://www.tennis-warehouse.com/descpage-ASHLIB16.html,N
Ashaway,4.6,Synthetic Gut 16,http://www.tennis-warehouse.com/descpage-ASH16.html,N
Ashaway,4.4,MonoGut ZX 16,http://www.tennis-warehouse.com/descpage-ZYEXMONO16.html,N+
Ashaway,3.9,MonoGut 17,http://www.tennis-warehouse.com/descpage-MONOGUT17.html,P
Ashaway,3.5,MonoGut 16L,http://www.tennis-warehouse.com/descpage-MONOGUT16.html,P
Ashaway,3.3,Dynamite WB 16,http://www.tennis-warehouse.com/descpage-ADYNAWB.html,N+
Ashaway,3,Dynamite 17,http://www.tennis-warehouse.com/descpage-ADYNA.html,N+
Ashaway,2.6,Dynamite Soft 17,http://www.tennis-warehouse.com/descpage-D17SOFT.html,N+
Babolat,6.4,Origin 17,http://www.tennis-warehouse.com/descpage-BORIG17.html,N
Babolat,5.2,Pro Hurricane Tour 17,http://www.tennis-warehouse.com/descpage-BH17T.html,P
Babolat,5.1,Pro Hurricane Tour 16,http://www.tennis-warehouse.com/descpage-BH16T.html,P
Babolat,4.7,Ballistic Polymono 16,http://www.tennis-warehouse.com/descpage-SP16.html,P
Babolat,4.7,Hurricane Feel 16,http://www.tennis-warehouse.com/descpage-BHF16.html,P
Babolat,4.6,RPM Blast 17/1.25,http://www.tennis-warehouse.com/descpage-BRPMB17.html,P
Babolat,4.6,RPM Dual 16,http://www.tennis-warehouse.com/descpage-RPMDUAL17.html,P
Babolat,4.5,RPM Blast 16,http://www.tennis-warehouse.com/descpage-BRPMB16.html,P
Babolat,4.4,Hurricane Feel 17,http://www.tennis-warehouse.com/descpage-BHF17.html,P
Babolat,4.3,Conquest 16,http://www.tennis-warehouse.com/descpage-BC16.html,N
Babolat,4.1,SG SpiralTek 16,http://www.tennis-warehouse.com/descpage-BST16.html,N
Babolat,3.9,RPM Team 16 Black,http://www.tennis-warehouse.com/descpage-BRPMT16.html,P
Babolat,3.8,Super Fine Play 16,http://www.tennis-warehouse.com/descpage-SFP16.html,N
Babolat,3.8,Xcel Power 16,http://www.tennis-warehouse.com/descpage-BXCELP16.html,N
Babolat,3.6,Xcel Power 17,http://www.tennis-warehouse.com/descpage-BXCELP17.html,N
Babolat,3.3,Pro Hurricane 18,http://www.tennis-warehouse.com/descpage-BH18.html,P
Babolat,3.1,Addiction 16,http://www.tennis-warehouse.com/descpage-BADD16.html,N
Babolat,3.1,FiberTour 16,http://www.tennis-warehouse.com/descpage-FA16.html,N
Babolat,3.1,Pro Hurricane 17,http://www.tennis-warehouse.com/descpage-BH17.html,P
Babolat,3,Xcel 16,http://www.tennis-warehouse.com/descpage-NBXCEL16.html,N
Babolat,2.7,Attraction 16,http://www.tennis-warehouse.com/descpage-BATT16.html,N+
Babolat,2.7,VS Natural ThermoGut 16 Touch,http://www.tennis-warehouse.com/descpage-BNG16.html,G
Babolat,2.6,Addiction 17,http://www.tennis-warehouse.com/descpage-BADD17.html,N
Boris Becker,5.1,Bomber 16,http://www.tennis-warehouse.com/descpage-BBB16.html,P
Diadem,8.6,Soltice Power 17 (1.20),http://www.tennis-warehouse.com/descpage-DSP17.html,P
Diadem,8.1,Pro 16L (1.25),http://www.tennis-warehouse.com/descpage-DSPRO16L.html,P
Diadem,8.1,Soltice Power 16 (1.30),http://www.tennis-warehouse.com/descpage-DSP16.html,P
Double AR,7.7,Diablo (1.31),http://www.tennis-warehouse.com/descpage-DARD31.html,P
Double AR,7.4,Diablo (1.24),http://www.tennis-warehouse.com/descpage-DARD24.html,P
Double AR,7.3,WTS 25 (1.25),http://www.tennis-warehouse.com/descpage-DARWTS25.html,P
Double AR,7.2,Twice Dragon(1.30),http://www.tennis-warehouse.com/descpage-DARTDR.html,P
Double AR,5.8,666 (1.30),http://www.tennis-warehouse.com/descpage-DAR666.html,N
Double AR,5.7,Twice Shark (1.25),http://www.tennis-warehouse.com/descpage-DARTSH.html,P
Double AR,5.3,Raptor 1.27,http://www.tennis-warehouse.com/descpage-DARR27.html,P
Dunlop,5.4,Black Widow 17,http://www.tennis-warehouse.com/descpage-DBW17.html,P
Dunlop,5.2,Black Widow 16,http://www.tennis-warehouse.com/descpage-DBW16.html,P
Dunlop,4.8,Explosive 16,http://www.tennis-warehouse.com/descpage-DXP16.html,P
Dunlop,4.5,Comfort Poly 17,http://www.tennis-warehouse.com/descpage-DCP17.html,P
Dunlop,4.2,M-Fil Tour 16,http://www.tennis-warehouse.com/descpage-DMFTOUR16.html,N
Dunlop,4.1,Comfort Synthetic 16,http://www.tennis-warehouse.com/descpage-DC16.html,N
Dunlop,4.1,DNA 17 (1.22),http://www.tennis-warehouse.com/descpage-DDNA17.html,N
Dunlop,4.1,Tour Performance 16,http://www.tennis-warehouse.com/descpage-DTP16.html,N
Dunlop,3.9,Juice 17 (1.26),http://www.tennis-warehouse.com/descpage-DJUICE17.html,P
Dunlop,3.9,Synthetic Gut 16,http://www.tennis-warehouse.com/descpage-D16WH.html,N
Dunlop,3.7,Hexy Fiber 17,http://www.tennis-warehouse.com/descpage-DHF17.html,N
Dunlop,3.6,DNA 16 (1.30),http://www.tennis-warehouse.com/descpage-DDNA16.html,N
Dunlop,3.6,Explosive Synthetic 16,http://www.tennis-warehouse.com/descpage-DXSG16.html,N
Dunlop,3.6,Hexy Fiber 16,http://www.tennis-warehouse.com/descpage-DHF16.html,N
Dunlop,3.6,Juice 16 (1.31),http://www.tennis-warehouse.com/descpage-DJUICE16.html,P
Dunlop,3.5,Silk 17,http://www.tennis-warehouse.com/descpage-DSILK17.html,N
Dunlop,3.5,X-Life Synthetic 15L,http://www.tennis-warehouse.com/descpage-DXLIFE15.html,N
Dunlop,3.4,Explosive Poly Max 16,http://www.tennis-warehouse.com/descpage-DXPMAX16.html,N+
Dunlop,3.4,Silk 16 (1.30),http://www.tennis-warehouse.com/descpage-DSILK16.html,N
Dunlop,3.1,S-Gut 17,http://www.tennis-warehouse.com/descpage-DSG17.html,N+
Forten,3.4,Sweet 16,http://www.tennis-warehouse.com/descpage-F16.html,N
Gamma,6.1,Zo Tour Rough 16,http://www.tennis-warehouse.com/descpage-GZTR16.html,P
Gamma,6.1,Zo Verve 17,http://www.tennis-warehouse.com/descpage-GVRV17.html,P
Gamma,5.8,Moto 16,http://www.tennis-warehouse.com/descpage-GMOTO16.html,P
Gamma,5.4,Poly Z 16,http://www.tennis-warehouse.com/descpage-GZPZ.html,P
Gamma,4.7,Zo Twist 16,http://www.tennis-warehouse.com/descpage-GZOT16NA.html,P
Gamma,4.5,TNT2 Rx 16,http://www.tennis-warehouse.com/descpage-TNTRX.html,N
Gamma,4.2,Zo Ice 16,http://www.tennis-warehouse.com/descpage-GZOICE16.html,P
Gamma,4.1,Zo Magic 16,http://www.tennis-warehouse.com/descpage-GZOM16R.html,P
Gamma,4,Zo Black Ice 18 (1.18),http://www.tennis-warehouse.com/descpage-GBICE18.html,P
Gamma,3.9,Asterisk Spin 16,http://www.tennis-warehouse.com/descpage-GASTSPIN16.html,N
Gamma,3.9,RZR Rx 16,http://www.tennis-warehouse.com/descpage-GRRXBK.html,P
Gamma,3.8,Asterisk 16,http://www.tennis-warehouse.com/descpage-GAST16.html,N
Gamma,3.8,Monoblast 16,http://www.tennis-warehouse.com/descpage-GMB16RED.html,P
Gamma,3.8,Zo Tour 16,http://www.tennis-warehouse.com/descpage-GZTOUR16.html,O
Gamma,3.7,Zo Black Ice 17 (1.23),http://www.tennis-warehouse.com/descpage-GBICE17.html,P
Gamma,3.7,Zo Tour 17 (1.25),http://www.tennis-warehouse.com/descpage-GZTOUR17.html,P
Gamma,3.6,Synthetic Gut 16,http://www.tennis-warehouse.com/descpage-G16.html,N
Gamma,3.5,Prodigy 16,http://www.tennis-warehouse.com/descpage-GPROD16.html,N
Gamma,3.4,Asterisk Tour 16,http://www.tennis-warehouse.com/descpage-GASTT16.html,N+
Gamma,3.4,TNT2 Touch 16,http://www.tennis-warehouse.com/descpage-TNT2T16.html,N
Gamma,3.2,Glide Cross String 16,http://www.tennis-warehouse.com/descpage-GGX.html,N
Gamma,3.2,TNT2 16,http://www.tennis-warehouse.com/descpage-TNT16.html,N
Gamma,3.1,TNT2 Pro Plus 16,http://www.tennis-warehouse.com/descpage-TNTPP16.html,N
Gamma,2.9,Zo Power 16L,http://www.tennis-warehouse.com/descpage-GZOP.html,P
Gamma,2.8,Professional 17,http://www.tennis-warehouse.com/descpage-GLWPRO17.html,N
Gamma,2.8,WearGuard Synthetic Gut 16,http://www.tennis-warehouse.com/descpage-GWG16.html,N
Gamma,2.7,Professional Spin 16,http://www.tennis-warehouse.com/descpage-GLWPROS16.html,N+
Gamma,2.6,ESP 16,http://www.tennis-warehouse.com/descpage-GESP16.html,N
Gamma,2.6,Live Wire 16,http://www.tennis-warehouse.com/descpage-GLW16.html,N+
Gamma,2.6,Live Wire XP 16,http://www.tennis-warehouse.com/descpage-GLWXP16.html,N+
Gamma,2.4,Professional 16,http://www.tennis-warehouse.com/descpage-GLWPRO16.html,N+
Gosen,5.5,Polylon Comfort 16,http://www.tennis-warehouse.com/descpage-GPC16.html,P
Gosen,5.4,A.K. Control 16,http://www.tennis-warehouse.com/descpage-GAKC16.html,N
Gosen,5.1,Polymaster II 16,http://www.tennis-warehouse.com/descpage-PM216.html,P
Gosen,4.8,Polylon PolyBreak 18 (1.20),http://www.tennis-warehouse.com/descpage-POLYBRK18.html,P
Gosen,4.7,Polymaster I 16,http://www.tennis-warehouse.com/descpage-PM116.html,P
Gosen,4.6,Polylon SP 17 (1.24),http://www.tennis-warehouse.com/descpage-POLYSP17.html,P
Gosen,4.6,Sidewinder 17,http://www.tennis-warehouse.com/descpage-GSW17BK.html,P
Gosen,4.6,TecGut Remplir 16,http://www.tennis-warehouse.com/descpage-GTGREMP16.html,N+
Gosen,4.5,Compositemaster II 16,http://www.tennis-warehouse.com/descpage-COMM216.html,N
Gosen,4.5,Nanosilver 17,http://www.tennis-warehouse.com/descpage-NANOSLVR17.html,N
Gosen,4.4,AK Pro 17,http://www.tennis-warehouse.com/descpage-STAKP17.html,N
Gosen,4.3,AK Pro 16,http://www.tennis-warehouse.com/descpage-STAK16.html,N
Gosen,4.3,Polylon 17 (1.24),http://www.tennis-warehouse.com/descpage-POLY17.html,P
Gosen,4.2,Compositemaster I 16,http://www.tennis-warehouse.com/descpage-COMM116.html,N
Gosen,4.2,Polylon PolyBreak 17 (1.24),http://www.tennis-warehouse.com/descpage-POLYBRK17.html,P
Gosen,4.1,Polylon 16,http://www.tennis-warehouse.com/descpage-POLY16.html,P
Gosen,4,Nanocubic 16,http://www.tennis-warehouse.com/descpage-NANOCUB16.html,N
Gosen,4,Polylon SP 16 (1.30),http://www.tennis-warehouse.com/descpage-POLYSP16.html,P
Gosen,3.9,Powermaster I 16,http://www.tennis-warehouse.com/descpage-PWRM116.html,N
Gosen,3.6,Powermaster II 16,http://www.tennis-warehouse.com/descpage-PWRM216.html,N
Gosen,3.4,OG-Sheep Micro 16,http://www.tennis-warehouse.com/descpage-OGS16.html,N
Gosen,3.2,OG Sheep Micro 17,http://www.tennis-warehouse.com/descpage-OGSW17.html,N
Gosen,3.2,OG Sheep Micro 18,http://www.tennis-warehouse.com/descpage-OGSM18.html,N
Gosen,2.7,OG Sheep Micro Super 16L,http://www.tennis-warehouse.com/descpage-OGMS16L.html,N
Head,7,Lynx 16 (1.30),http://www.tennis-warehouse.com/descpage-LYNX16.html,P
Head,5.1,Reflex MLT 16 (1.30),http://www.tennis-warehouse.com/descpage-HRMLT16.html,N
Head,4.8,Sonic Pro Edge 16,http://www.tennis-warehouse.com/descpage-HSPE16.html,P
Head,4.7,Hawk 17 (1.25),http://www.tennis-warehouse.com/descpage-HAWK17.html,P
Head,4.6,FXP Power 16,http://www.tennis-warehouse.com/descpage-HFXPP16.html,N
Head,4.5,FXP Power 17,http://www.tennis-warehouse.com/descpage-HFXPP17.html,N
Head,4.5,Ultra Tour 16,http://www.tennis-warehouse.com/descpage-HUT16.html,P
Head,4.2,FXP Tour 16,http://www.tennis-warehouse.com/descpage-HFXPT16.html,N+
Head,4.2,Sonic Pro 16,http://www.tennis-warehouse.com/descpage-SONIC16.html,P
Head,4.1,FXP 17,http://www.tennis-warehouse.com/descpage-HFLEXPT17.html,N
Head,4.1,Ultratour 17,http://www.tennis-warehouse.com/descpage-HUT17.html,P
Head,3.9,Sonic Pro 17,http://www.tennis-warehouse.com/descpage-SONIC17.html,P
Head,3.9,Synthetic Gut PPS 16,http://www.tennis-warehouse.com/descpage-HPPS16.html,N
Head,3.8,FXP 16,http://www.tennis-warehouse.com/descpage-HFLEXPT16.html,N+
Head,3.6,Synthetic Gut 16,http://www.tennis-warehouse.com/descpage-HSG16.html,N
Head,3.5,Fibergel Spin 16,http://www.tennis-warehouse.com/descpage-HFGSPIN16.html,N
Head,3.1,Fibergel Power 17,http://www.tennis-warehouse.com/descpage-HFGPWR17.html,N
Head,3,Fibergel Power 16,http://www.tennis-warehouse.com/descpage-HFGWR16.html,N
Head,2.6,PerfectControl 16,http://www.tennis-warehouse.com/descpage-HPC16.html,PF
Head,2.6,RIP Control 16,http://www.tennis-warehouse.com/descpage-RCON16.html,N+
Head,1.9,ETS 16,http://www.tennis-warehouse.com/descpage-HETS16.html,N
Head,1.9,ETS 17,http://www.tennis-warehouse.com/descpage-HETS17.html,N
IsoSpeed,7,Pyramid 16,http://www.tennis-warehouse.com/descpage-ISOP16.html,P
IsoSpeed,5.6,Black Fire 17,http://www.tennis-warehouse.com/descpage-ISOBF16.html,P
IsoSpeed,4.7,Pulse 16,http://www.tennis-warehouse.com/descpage-ISOPUL16.html,P
IsoSpeed,3.2,Axon Mono 16L,http://www.tennis-warehouse.com/descpage-ISOAX16L.html,P
IsoSpeed,3,Axon Multi 16L,http://www.tennis-warehouse.com/descpage-ISOAXMUL16.html,N+
IsoSpeed,2.4,Energetic Plus 16,http://www.tennis-warehouse.com/descpage-ISOENP.html,N+
IsoSpeed,2.3,Control Classic 16,http://www.tennis-warehouse.com/descpage-ISOCC16.html,PF
IsoSpeed,1.9,Energetic 17,http://www.tennis-warehouse.com/descpage-ISOEN17.html,N+
IsoSpeed,1.6,Professional Classic 17,http://www.tennis-warehouse.com/descpage-ISOPC17.html,PF
Kirschbaum,7.5,Spiky Shark 16,http://www.tennis-warehouse.com/descpage-SHARK16.html,P
Kirschbaum,7.4,Spiky Shark 17,http://www.tennis-warehouse.com/descpage-SHARK17.html,P
Kirschbaum,5.8,Black Shark 17 (1.25),http://www.tennis-warehouse.com/descpage-SHARK17BK.html,P
Kirschbaum,5.7,Pro Line II 1.30,http://www.tennis-warehouse.com/descpage-PL2130.html,P
Kirschbaum,5.7,Super Smash 17 (1.25),http://www.tennis-warehouse.com/descpage-SMSH17120.html,P
Kirschbaum,5.4,Black Shark 16 (1.30),http://www.tennis-warehouse.com/descpage-SHARK16BK.html,P
Kirschbaum,5.4,Helix 16,http://www.tennis-warehouse.com/descpage-HELIX13.html,P
Kirschbaum,5.4,Helix 17,http://www.tennis-warehouse.com/descpage-HELIX125.html,P
Kirschbaum,5.4,Max Power 17 (1.25),http://www.tennis-warehouse.com/descpage-KMAXPWR17.html,P
Kirschbaum,5.4,Touch Turbo 16L (1.275),http://www.tennis-warehouse.com/descpage-TURBOT16L.html,P
Kirschbaum,5.3,Super Smash 16/1.30,http://www.tennis-warehouse.com/descpage-SMASH16.html,P
Kirschbaum,5.3,Touch Turbo 1.30,http://www.tennis-warehouse.com/descpage-TURBOT16.html,P
Kirschbaum,5.2,P2 16/1.30,http://www.tennis-warehouse.com/descpage-P216.html,P
Kirschbaum,5.2,Super Smash Spiky 17 (1.25),http://www.tennis-warehouse.com/descpage-SPIKY17.html,P
Kirschbaum,5.2,Touch Turbo 17 (1.25),http://www.tennis-warehouse.com/descpage-TURBOT17.html,P
Kirschbaum,5.1,Pro Line X 16 (1.30),http://www.tennis-warehouse.com/descpage-PLX16CO.html,P
Kirschbaum,5.1,Super Smash Spiky 1.20,http://www.tennis-warehouse.com/descpage-SPKY120.html,P
Kirschbaum,5,Super Smash Spiky 16/1.30,http://www.tennis-warehouse.com/descpage-SPIKY16.html,P
Kirschbaum,4.9,Competition 16/1.30,http://www.tennis-warehouse.com/descpage-COMPK130.html,P
Kirschbaum,4.9,P2 17 (1.25),http://www.tennis-warehouse.com/descpage-P216L.html,P
Kirschbaum,4.8,P2 17L (1.20),http://www.tennis-warehouse.com/descpage-P217.html,P
Kirschbaum,4.8,Pro Line II 17L (1.20),http://www.tennis-warehouse.com/descpage-PL2120BK.html,P
Kirschbaum,4.8,Pro Line X 17 (1.25),http://www.tennis-warehouse.com/descpage-PLX17CO.html,P
Kirschbaum,4.7,Pro Line II 17 (1.25),http://www.tennis-warehouse.com/descpage-PL2125BK.html,P
Kirschbaum,4.6,Long Life 15,http://www.tennis-warehouse.com/descpage-LGLIFE15.html,P
Kirschbaum,4.5,Competition 17 (1.25),http://www.tennis-warehouse.com/descpage-COMPK125.html,P
Kirschbaum,4.5,Pro Line II 18 (1.15),http://www.tennis-warehouse.com/descpage-PL2115.html,P
Kirschbaum,4.4,Pro Line I 1.30,http://www.tennis-warehouse.com/descpage-PL1130.html,P
Kirschbaum,4.4,Pro Line I 18L (1.15),http://www.tennis-warehouse.com/descpage-PL1115.html,P
Kirschbaum,4.1,Competition 17L (1.20),http://www.tennis-warehouse.com/descpage-COMPK17.html,P
Kirschbaum,4.1,Pro Line I 17 (1.25),http://www.tennis-warehouse.com/descpage-PL1125.html,P
Kirschbaum,4.1,Touch Multifibre 16,http://www.tennis-warehouse.com/descpage-TMULTI16.html,N
Kirschbaum,3.9,Pro Line I 17L (1.20),http://www.tennis-warehouse.com/descpage-PL1120.html,P
Kirschbaum,3.5,Touch Multifibre 17 (1.25),http://www.tennis-warehouse.com/descpage-TMULTI17.html,N
Klip,4.7,Hardcore 16/1.30,http://www.tennis-warehouse.com/descpage-KHC16.html,P
Klip,4.2,Synthetic Gut 16,http://www.tennis-warehouse.com/descpage-KSGUT16.html,N
Klip,4.1,K-Boom 16/1.30,http://www.tennis-warehouse.com/descpage-KBOOM16.html,P
Klip,3.7,Kicker 16,http://www.tennis-warehouse.com/descpage-KICK16.html,N
Klip,3.2,Scorcher 16/1.30,http://www.tennis-warehouse.com/descpage-KSCOR16.html,N
Klip,2.7,Excellerator 16/1.30,http://www.tennis-warehouse.com/descpage-KEXC16.html,N
Klip,2.3,Venom 16/1.30,http://www.tennis-warehouse.com/descpage-KVENOM16.html,N
Klip,1.4,Armour Pro 16/1.30,http://www.tennis-warehouse.com/descpage-KARM16.html,G
Klip,1.2,Legend 16 Uncoated,http://www.tennis-warehouse.com/descpage-KLIPLUC16.html,G
L-Tec,6.7,Premium 4S 16L (1.25),http://www.tennis-warehouse.com/descpage-LTP4S16L.html,P
L-Tec,4.3,Premium Pro OS 16L,http://www.tennis-warehouse.com/descpage-LTPPOS16.html,P
L-Tec,4.1,Premium OS 17 (1.23),http://www.tennis-warehouse.com/descpage-LTPOS17.html,P
L-Tec,4,Premium 3S 16L (1.25),http://www.tennis-warehouse.com/descpage-LTP3S16.html,P
L-Tec,4,Premium 5S 16L (1.25),http://www.tennis-warehouse.com/descpage-LTP5S16.html,P
Luxilon,6.9,Alu Power Soft 1.25,http://www.tennis-warehouse.com/descpage-ALUPRSFT16.html,P
Luxilon,6.7,4G Soft 1.25,http://www.tennis-warehouse.com/descpage-LUX4GS16.html,P
Luxilon,6.6,Element 1.30,http://www.tennis-warehouse.com/descpage-LE130.html,P
Luxilon,5.4,ALU Power Feel 18/1.20,http://www.tennis-warehouse.com/descpage-.html,P
Luxilon,4.8,Big Banger Original 130/16,http://www.tennis-warehouse.com/descpage-BB16.html,P
Luxilon,4.6,Big Banger ALU Power 125/16L,http://www.tennis-warehouse.com/descpage-ALUSTR.html,P
Luxilon,4.4,Big Banger Rough 130/16,http://www.tennis-warehouse.com/descpage-BBR16.html,P
Luxilon,4.4,Big Banger TiMO 17L (1.17),http://www.tennis-warehouse.com/descpage-TBS17L.html,P
Luxilon,4.3,Big Banger ALU Power Spin 127/16,http://www.tennis-warehouse.com/descpage-ALUPRSPIN.html,P
Luxilon,4.2,4G Rough 16L,http://www.tennis-warehouse.com/descpage-LUX4GR125.html,P
Luxilon,4.1,Big Banger XP 125/16L,http://www.tennis-warehouse.com/descpage-BBXP17.html,P
Luxilon,4,Big Banger Ace 18 (1.12),http://www.tennis-warehouse.com/descpage-BBACE18.html,P
Luxilon,3.9,4G 16L (1.25),http://www.tennis-warehouse.com/descpage-LUX4G125.html,P
Luxilon,3.9,Big Banger Timo 17 (1.22),http://www.tennis-warehouse.com/descpage-TBS17.html,P
Luxilon,3.6,Adrenaline 16,http://www.tennis-warehouse.com/descpage-LADR120.html,P
Luxilon,3.6,Big Banger Timo 18 (1.10),http://www.tennis-warehouse.com/descpage-TBS18.html,P
Luxilon,3.6,M2 Pro 125/16,http://www.tennis-warehouse.com/descpage-LM2PRO16L.html,P
Luxilon,3.5,Adrenaline 16L/1.25,http://www.tennis-warehouse.com/descpage-LADR125.html,P
Luxilon,3.4,Savage 16/1.27,http://www.tennis-warehouse.com/descpage-LUXSAV.html,P
Luxilon,3.3,Adrenaline Rough 16L/1.25,http://www.tennis-warehouse.com/descpage-LA125.html,P
Luxilon,3.2,Monotec Super Poly 1.25/16L,http://www.tennis-warehouse.com/descpage-LUXSP16L.html,P
Luxilon,3.2,Big Banger ALU Power Rough 125/16L,http://www.tennis-warehouse.com/descpage-ALUPR16.html,P
Luxilon,2.9,Adrenaline 17/1.20,http://www.tennis-warehouse.com/descpage-LADR130.html,P
Luxilon,2.1,Monotec Supersense 16L/1.25,http://www.tennis-warehouse.com/descpage-LXSS16L.html,P
Mantis,4.8,Comfort Poly 16,http://www.tennis-warehouse.com/descpage-MCP16.html,P
Mantis,4.8,Power Poly 17,http://www.tennis-warehouse.com/descpage-MPP17.html,P
Mantis,3.8,Comfort Synthetic 16,http://www.tennis-warehouse.com/descpage-MCS16.html,N
MSV,6.5,Focus Hex 17L (1.18),http://www.tennis-warehouse.com/descpage-MSVFH.html,P
MSV,6.3,Focus Hex Soft 17 (1.25),http://www.tennis-warehouse.com/descpage-FHS16RD.html,P
MSV,5.7,Hepta-Twist 17,http://www.tennis-warehouse.com/descpage-HEPTW17WH.html,P
MSV,4.9,Focus Evo 16,http://www.tennis-warehouse.com/descpage-FEVO16.html,P
MSV,4.5,Focus Evo 17,http://www.tennis-warehouse.com/descpage-FEVO17.html,P
MSV,4.2,Co.-Focus 16L,http://www.tennis-warehouse.com/descpage-MSVCF16.html,P
One Strings,5.1,Carbon NRG 16,http://www.tennis-warehouse.com/descpage-OSCNRG16.html,P
Pacific,5,ATP Poly Power Pro 16L,http://www.tennis-warehouse.com/descpage-PPPP16.html,P
Pacific,5,Poly Force Xtreme 16L,http://www.tennis-warehouse.com/descpage-PPFX16.html,P
Pacific,4.7,X Force 18,http://www.tennis-warehouse.com/descpage-PXF18.html,P
Pacific,4.5,Poly Force 16L,http://www.tennis-warehouse.com/descpage-PPFO16.html,P
Pacific,4.4,Poly Force 17,http://www.tennis-warehouse.com/descpage-PPFO17.html,P
Pacific,4.5,X Force 17,http://www.tennis-warehouse.com/descpage-PXF17.html,P
Pacific,4.4,Prime Natural Gut 16,http://www.tennis-warehouse.com/descpage-PNGP16.html,G
Pacific,3.5,Power Line 17,http://www.tennis-warehouse.com/descpage-PPLSG17.html,N
Pacific,3.4,Power Line 16L,http://www.tennis-warehouse.com/descpage-PPLSG16L.html,N
Pacific,3.3,Premium Power X 16L,http://www.tennis-warehouse.com/descpage-PPX16.html,N
Pacific,3.2,Power Twist 16L,http://www.tennis-warehouse.com/descpage-PPT16L.html,N
Pacific,2.8,Classic Natural Gut 16,http://www.tennis-warehouse.com/descpage-PNGC16.html,G
Pacific,2,PMX 16L,http://www.tennis-warehouse.com/descpage-PPMX16.html,N
Pacific,1.8,Tough Gut 16,http://www.tennis-warehouse.com/descpage-PTG16.html,G
Poly Star,5.3,Turbo 16 (1.30),http://www.tennis-warehouse.com/descpage-PT16S.html,P
Poly Star,5.1,Strike 16 (1.30),http://www.tennis-warehouse.com/descpage-PS16S.html,P
Poly Star,5,Turbo 16L (1.25),http://www.tennis-warehouse.com/descpage-PT16LS.html,P
Poly Star,4.8,Strike 16L (1.25),http://www.tennis-warehouse.com/descpage-PS16LS.html,P
Poly Star,4.4,Classic 16L (1.25),http://www.tennis-warehouse.com/descpage-PC16LS.html,P
Poly Star,4.2,Classic 16 (1.30),http://www.tennis-warehouse.com/descpage-PC16S.html,P
Poly Star,4,Classic 17 (1.20),http://www.tennis-warehouse.com/descpage-PC17S.html,P
Poly Star,4,Energy 16 (1.30),http://www.tennis-warehouse.com/descpage-PE16S.html,P
Poly Star,4,Energy 17 (1.20),http://www.tennis-warehouse.com/descpage-PE17S.html,P
Poly Star,3.7,Energy 16L (1.25),http://www.tennis-warehouse.com/descpage-PE16LS.html,P
Polyfibre,5.2,Hexablade 17L (1.18),http://www.tennis-warehouse.com/descpage-PFHB17S.html,P
Polyfibre,4.6,Hexablade 16L (1.25),http://www.tennis-warehouse.com/descpage-PFHB16S.html,P
Polyfibre,4.4,Hightec Premium 16L,http://www.tennis-warehouse.com/descpage-HTP16L.html,P
Polyfibre,4.4,Poly Hightec 16L,http://www.tennis-warehouse.com/descpage-PHT16L.html,P
Polyfibre,4.4,TCS 16/1.30,http://www.tennis-warehouse.com/descpage-TCS16.html,P
Polyfibre,4.3,Black Venom 16 (1.30),http://www.tennis-warehouse.com/descpage-PFBV16S.html,P
Polyfibre,4.3,TCS Rapid 16L/1.25,http://www.tennis-warehouse.com/descpage-TCSR16L.html,P
Polyfibre,4.2,Hightec Premium 16/1.30,http://www.tennis-warehouse.com/descpage-HTP160.html,P
Polyfibre,4.2,TCS 17,http://www.tennis-warehouse.com/descpage-TCS17.html,P
Polyfibre,4.1,Poly Hightec 16/1.30,http://www.tennis-warehouse.com/descpage-PHT16.html,P
Polyfibre,4,Poly Hightec 17,http://www.tennis-warehouse.com/descpage-PHT17.html,P
Polyfibre,3.9,Hightec Premium 17,http://www.tennis-warehouse.com/descpage-HTP17.html,P
Polyfibre,3.9,Poly Hightec 18,http://www.tennis-warehouse.com/descpage-PHT18.html,P
Polyfibre,3.9,Viper 17/1.20,http://www.tennis-warehouse.com/descpage-VIPER17.html,P
Polyfibre,3.8,TCS 16L,http://www.tennis-warehouse.com/descpage-TCS16L.html,P
Polyfibre,3.6,Cobra 17/1.20,http://www.tennis-warehouse.com/descpage-PFRAZ17.html,P
Prince,6.4,Tour XT 18,http://www.tennis-warehouse.com/descpage-PTXT18.html,P
Prince,5.9,Tour XC 17L,http://www.tennis-warehouse.com/descpage-PTXC17L.html,P
Prince,5.5,Tour XC 15L,http://www.tennis-warehouse.com/descpage-PTXC15L.html,P
Prince,5.5,Tour XC 16L,http://www.tennis-warehouse.com/descpage-PTXC16L.html,P
Prince,5.5,Tour XP 16,http://www.tennis-warehouse.com/descpage-PTXP16.html,P
Prince,5.5,Tour XS 16,http://www.tennis-warehouse.com/descpage-PTXS125.html,P
Prince,5.4,Premier Control 16,http://www.tennis-warehouse.com/descpage-PPC16.html,N
Prince,5.3,Topspin Plus 16,http://www.tennis-warehouse.com/descpage-T16.html,N
Prince,5.2,Tour XP 15L,http://www.tennis-warehouse.com/descpage-PTXP15L.html,P
Prince,5,Premier Power 18,http://www.tennis-warehouse.com/descpage-PPPWR18.html,N
Prince,5,Tour XS 1.35,http://www.tennis-warehouse.com/descpage-PTXS135.html,P
Prince,4.7,Premier Control 17,http://www.tennis-warehouse.com/descpage-PPC17.html,N
Prince,4.6,Premier Control 15,http://www.tennis-warehouse.com/descpage-PPC15.html,N
Prince,4.6,Premier Control 15L,http://www.tennis-warehouse.com/descpage-PPC15L.html,N
Prince,4.6,Premier Power 16,http://www.tennis-warehouse.com/descpage-PPPWR16.html,N
Prince,4.4,Poly EXP 17,http://www.tennis-warehouse.com/descpage-PPEXP17GR.html,P
Prince,4.4,Premier Touch 15L,http://www.tennis-warehouse.com/descpage-PPT15L.html,N
Prince,4.3,Premier Power 17,http://www.tennis-warehouse.com/descpage-PPPWR17.html,N
Prince,4.2,Premier Touch 17,http://www.tennis-warehouse.com/descpage-PPT17.html,N
Prince,4.1,Premier Touch 16,http://www.tennis-warehouse.com/descpage-PPT16.html,N
Prince,3.9,Beast XP 16,http://www.tennis-warehouse.com/descpage-PB16.html,P
Prince,3.8,Syn Gut Original 17,http://www.tennis-warehouse.com/descpage-OS17.html,N
Prince,3.7,Twisted 16L,http://www.tennis-warehouse.com/descpage-PT16L.html,P
Prince,3.6,Synthetic Gut 18 Duraflex,http://www.tennis-warehouse.com/descpage-S18.html,N
Prince,3.5,Lightning XX 17,http://www.tennis-warehouse.com/descpage-PLXX17.html,N
Prince,3.5,Premier LT 18,http://www.tennis-warehouse.com/descpage-PPLT18.html,N
Prince,3.5,Topspin W/ Duraflex 15L,http://www.tennis-warehouse.com/descpage-T15.html,N
Prince,3.4,Lightning XX 16,http://www.tennis-warehouse.com/descpage-PLXX16.html,N
Prince,3.4,Recoil 16,http://www.tennis-warehouse.com/descpage-PREC16.html,N
Prince,3.4,Tour 17,http://www.tennis-warehouse.com/descpage-PT17.html,P
Prince,3.3,Poly Spin 3D,http://www.tennis-warehouse.com/descpage-PS3D16.html,P
Prince,3.3,Premier LT 17,http://www.tennis-warehouse.com/descpage-PPLT17.html,N
Prince,3.3,Premier W/Softflex 16,http://www.tennis-warehouse.com/descpage-PSF16.html,N
Prince,3.2,Premier W/ Softflex 17,http://www.tennis-warehouse.com/descpage-PSF17.html,N
Prince,3.1,Tour 16,http://www.tennis-warehouse.com/descpage-PT16.html,P
Prince,3.1,Tournament Nylon 15L,http://www.tennis-warehouse.com/descpage-PN.html,N
Prince,2.9,Syn Gut Original 16,http://www.tennis-warehouse.com/descpage-OS16.html,N
RS,5.4,RS Lyon 17,http://www.tennis-warehouse.com/descpage-RSL17.html,P
Signum Pro,5.9,Plasma HEXtreme 16L/1.25,http://www.tennis-warehouse.com/descpage-SIGPHEX16.html,P
Signum Pro,5.6,Poly-Plasma Pure 16L,http://www.tennis-warehouse.com/descpage-SIGPPP16LW.html,P
Signum Pro,5.2,Poly-Plasma Pure 17 (1.23),http://www.tennis-warehouse.com/descpage-SIGPPP170W.html,P
Signum Pro,5.1,Tornado 16,http://www.tennis-warehouse.com/descpage-SIGTORN160.html,P
Signum Pro,5,Poly-Plasma 17L (1.18),http://www.tennis-warehouse.com/descpage-SIGPPP17L.html,P
Signum Pro,4.8,Firestorm 1.25,http://www.tennis-warehouse.com/descpage-SFS17.html,P
Signum Pro,4.8,Poly Megaforce 17 (1.19),http://www.tennis-warehouse.com/descpage-SIGPPM17L.html,P
Signum Pro,4.8,Tornado 17 (1.23),http://www.tennis-warehouse.com/descpage-SIGTORN170.html,P
Signum Pro,4.7,Poly-Plasma 16L,http://www.tennis-warehouse.com/descpage-SIGPPP16L.html,P
Signum Pro,4.6,Hyperion 16,http://www.tennis-warehouse.com/descpage-SIGHYP160.html,P
Signum Pro,4.3,Poly Megaforce 16,http://www.tennis-warehouse.com/descpage-SIGPPM16.html,P
Signum Pro,4.3,Poly Speed Spin 1.28,http://www.tennis-warehouse.com/descpage-SIGPSS16.html,P
Signum Pro,4.2,Hyperion 17 (1.24),http://www.tennis-warehouse.com/descpage-SIGHYP170.html,P
Solinco,7,Hyper-G 16,http://www.tennis-warehouse.com/descpage-SHG16.html,P
Solinco,6.9,Tour Bite 16 Soft,http://www.tennis-warehouse.com/descpage-STBS16.html,P
Solinco,6.7,Tour Bite 16,http://www.tennis-warehouse.com/descpage-STB16.html,P
Solinco,6.6,Revolution 17,http://www.tennis-warehouse.com/descpage-SREV17.html,P
Solinco,6.4,Revolution 16,http://www.tennis-warehouse.com/descpage-SREV16.html,P
Solinco,6.3,Tour Bite 17,http://www.tennis-warehouse.com/descpage-STB17.html,P
Solinco,6,Outlast 16,http://www.tennis-warehouse.com/descpage-SOUT16.html,P
Solinco,5.9,Tour Bite 16L (1.25),http://www.tennis-warehouse.com/descpage-STB16L.html,P
Solinco,5.8,Tour Bite 18 (1.15),http://www.tennis-warehouse.com/descpage-STB18.html,P
Solinco,5.5,Outlast 17,http://www.tennis-warehouse.com/descpage-SOUT17.html,P
Solinco,4.9,Barb Wire 17 (1.20),http://www.tennis-warehouse.com/descpage-SBW17.html,P
Solinco,4.9,Tour Bite Diamond Rough 16 (1.30),http://www.tennis-warehouse.com/descpage-STBDR16.html,P
Solinco,4.4,Barb Wire 16,http://www.tennis-warehouse.com/descpage-SBW16.html,P
Solinco,4.3,Tour Bite Diamond Rough 17 (1.20),http://www.tennis-warehouse.com/descpage-STBDR17.html,P
Solinco,3.9,Vanquish 16,http://www.tennis-warehouse.com/descpage-SVAN16.html,N
Tecnifibre,9.8,Black Code 4S 17 (1.25),http://www.tennis-warehouse.com/descpage-TBC4S17.html,P
Tecnifibre,5,Pro Red Code 18,http://www.tennis-warehouse.com/descpage-TPRC18.html,P
Tecnifibre,4.9,Pro Red Code 16,http://www.tennis-warehouse.com/descpage-TPRC16.html,P
Tecnifibre,4.8,Pro Red Code 17,http://www.tennis-warehouse.com/descpage-TPRC17.html,P
Tecnifibre,4.6,Black Code 18,http://www.tennis-warehouse.com/descpage-TBC18.html,P
Tecnifibre,4.3,HDX Tour 16 (1.30),http://www.tennis-warehouse.com/descpage-HDXT16.html,N+
Tecnifibre,4.2,Black Code 17,http://www.tennis-warehouse.com/descpage-TBC17.html,P
Tecnifibre,4.2,Razor Code 16 (1.30),http://www.tennis-warehouse.com/descpage-TFRC16B.html,P
Tecnifibre,3.8,Polyspin 16L,http://www.tennis-warehouse.com/descpage-PSS.html,P
Tecnifibre,3.7,Pro Mix 17,http://www.tennis-warehouse.com/descpage-TPM17S.html,N+
Tecnifibre,3.5,NRG2 17/1.24,http://www.tennis-warehouse.com/descpage-NRG17.html,N
Tecnifibre,3.3,Multi-Feel 16,http://www.tennis-warehouse.com/descpage-MF16.html,N+
Tecnifibre,3.2,NRG2 16,http://www.tennis-warehouse.com/descpage-NRG16.html,N
Tecnifibre,3.1,TGV 16,http://www.tennis-warehouse.com/descpage-TGV16.html,N+
Tecnifibre,3,TGV 17/1.25,http://www.tennis-warehouse.com/descpage-TGV17.html,N+
Tecnifibre,3,XR3 17,http://www.tennis-warehouse.com/descpage-XR317.html,N+
Tecnifibre,2.9,XR3 16,http://www.tennis-warehouse.com/descpage-XR316.html,N+
Tecnifibre,2.7,E-Matrix 16,http://www.tennis-warehouse.com/descpage-EMX16.html,N+
Tecnifibre,2.6,Multi-Feel 17 (1.25),http://www.tennis-warehouse.com/descpage-MF17.html,N+
Tecnifibre,2.6,NRG2 18 (1.18),http://www.tennis-warehouse.com/descpage-NRG18.html,N+
Tecnifibre,2.6,Pro Mix 16,http://www.tennis-warehouse.com/descpage-TPMS.html,N+
Tecnifibre,2.4,E-Matrix 17,http://www.tennis-warehouse.com/descpage-EMX17.html,N
Tecnifibre,2.2,Duramix HD 16,http://www.tennis-warehouse.com/descpage-TDMHD16.html,N+
Tecnifibre,2.1,X-One Biphase 17,http://www.tennis-warehouse.com/descpage-X117.html,N+
Tecnifibre,2,X-Code 16,http://www.tennis-warehouse.com/descpage-XCODE16.html,P
Tecnifibre,1.7,Duramix HD 17,http://www.tennis-warehouse.com/descpage-TDMHD17.html,N+
Tecnifibre,1.6,X-One Biphase 16,http://www.tennis-warehouse.com/descpage-X116.html,N+
Tecnifibre,1.6,X-One Biphase 18,http://www.tennis-warehouse.com/descpage-X118.html,N
Topspin,5.8,Cyber Blue 16,http://www.tennis-warehouse.com/descpage-CPOW16.html,P
Topspin,5.1,Cyber Blue 17,http://www.tennis-warehouse.com/descpage-CPOW17.html,P
Topspin,4.8,Cyber Flash 16,http://www.tennis-warehouse.com/descpage-TCF16.html,P
Topspin,4.6,Cyber Flash 17L,http://www.tennis-warehouse.com/descpage-TCF17L.html,P
Topspin,4.2,Cyber Flash 17,http://www.tennis-warehouse.com/descpage-TCF17.html,P
Tourna,6.3,Big Hitter Black 7 17,http://www.tennis-warehouse.com/descpage-UBHBK17.html,P
Tourna,5.6,Black Zone 16,http://www.tennis-warehouse.com/descpage-UBKZ16.html,P
Tourna,5.4,Big Hitter Silver 17,http://www.tennis-warehouse.com/descpage-UBIGHIT17.html,P
Tourna,4.9,Big Hitter Blue 17,http://www.tennis-warehouse.com/descpage-UBHB17.html,P
Tourna,4.5,Big Hitter Silver Rough 16,http://www.tennis-warehouse.com/descpage-UBHITR.html,P
Tourna,4.1,Big Hitter Silver Rough 17,http://www.tennis-warehouse.com/descpage-UBHIT17R.html,P
Tourna,3.4,Big Hitter Blue Rough 16,http://www.tennis-warehouse.com/descpage-UBHBR16.html,P
Tourna,3.2,Big Hitter Blue Rough 17,http://www.tennis-warehouse.com/descpage-UBHBR17.html,P
Tourna,3,Irradiated 16,http://www.tennis-warehouse.com/descpage-TFIBER.html,N
Volkl,8.2,Cyclone 19 (1.10),http://www.tennis-warehouse.com/descpage-VCYC19.html,P
Volkl,7.1,Cyclone 18,http://www.tennis-warehouse.com/descpage-VCYC18.html,P
Volkl,6.9,V-Star 16 (1.30),http://www.tennis-warehouse.com/descpage-VS16S.html,P
Volkl,6.2,Cyclone 16,http://www.tennis-warehouse.com/descpage-VCYC16.html,P
Volkl,6.1,Cyclone Tour 17 (1.25),http://www.tennis-warehouse.com/descpage-VCTR17.html,P
Volkl,5.8,Cyclone 17,http://www.tennis-warehouse.com/descpage-VCYC17.html,P
Volkl,5.6,V-Torque 16,http://www.tennis-warehouse.com/descpage-VT16.html,P
Volkl,5.2,Synthetic Gut 17,http://www.tennis-warehouse.com/descpage-VSG17.html,N
Volkl,5.1,Synthetic Gut 16,http://www.tennis-warehouse.com/descpage-VSG16.html,N
Volkl,5.1,V-Pro 17,http://www.tennis-warehouse.com/descpage-VPRO17.html,P
Volkl,5,V-Pro 16,http://www.tennis-warehouse.com/descpage-VPRO16.html,P
Volkl,4.9,V-Pro 18,http://www.tennis-warehouse.com/descpage-VPRO18.html,P
Volkl,4.4,Gripper 17,http://www.tennis-warehouse.com/descpage-VGRIP17.html,N
Volkl,3.2,Power-Fiber II 16,http://www.tennis-warehouse.com/descpage-VPF16.html,N
Volkl,2.9,Power-Fiber II 18,http://www.tennis-warehouse.com/descpage-VPF218.html,N
Volkl,2.7,Power-Fiber II 17,http://www.tennis-warehouse.com/descpage-VPF17.html,N
Weiss Cannon,4.8,Turbotwist 17L (1.18),http://www.tennis-warehouse.com/descpage-TURBTW17L.html,P
Weiss Cannon,4.7,Black 5 Edge 17 (1.24),http://www.tennis-warehouse.com/descpage-WCBFE.html,P
Weiss Cannon,4.2,Scorpion 1.33,http://www.tennis-warehouse.com/descpage-WCSC133.html,P
Weiss Cannon,4.2,Turbotwist 17 (1.24),http://www.tennis-warehouse.com/descpage-TURBTW17.html,P
Weiss Cannon,4,Explosiv 1.30,http://www.tennis-warehouse.com/descpage-WCX133.html,N
Weiss Cannon,4,Scorpion 1.22,http://www.tennis-warehouse.com/descpage-WCSC122.html,P
Weiss Cannon,3.8,Silverstring 1.25,http://www.tennis-warehouse.com/descpage-WCS125.html,P
Weiss Cannon,3.7,Silverstring 120,http://www.tennis-warehouse.com/descpage-WCS120.html,P
Weiss Cannon,3.6,MatchPower 1.25,http://www.tennis-warehouse.com/descpage-WCMP125.html,P
Wilson,7.7,Revolve 17 (1.25),http://www.tennis-warehouse.com/descpage-WRV17.html,P
Wilson,5.2,Enduro Tour 16,http://www.tennis-warehouse.com/descpage-WEND16.html,P
Wilson,5.2,Ripspin 16,http://www.tennis-warehouse.com/descpage-WR16W.html,P
Wilson,5.2,Ripspin 17,http://www.tennis-warehouse.com/descpage-WR17W.html,P
Wilson,4.9,Ripspin 15,http://www.tennis-warehouse.com/descpage-WR15W.html,P
Wilson,4.8,Enduro Tour 17,http://www.tennis-warehouse.com/descpage-WEND17.html,P
Wilson,4.7,Enduro Pro 16,http://www.tennis-warehouse.com/descpage-WEP16.html,P
Wilson,4.5,NXT Duramax 15 (1.40),http://www.tennis-warehouse.com/descpage-NXTDM15.html,N
Wilson,4.4,K-Gut 16,http://www.tennis-warehouse.com/descpage-WKGUT16.html,N
Wilson,4.2,Spin Cycle 16L,http://www.tennis-warehouse.com/descpage-WSC16L.html,P
Wilson,4,Enduro Pro 17 (1.25),http://www.tennis-warehouse.com/descpage-WEPRO17SV.html,N+
Wilson,3.9,Hollow Core Pro 17,http://www.tennis-warehouse.com/descpage-WHCP17.html,N
Wilson,3.9,NXT 16,http://www.tennis-warehouse.com/descpage-NXT16.html,N
Wilson,3.8,NXT Tour 16,http://www.tennis-warehouse.com/descpage-NXTTOUR16.html,N
Wilson,3.6,NXT Tour 17,http://www.tennis-warehouse.com/descpage-NXTTOUR17.html,N
Wilson,3.6,Optimus 16 (1.30),http://www.tennis-warehouse.com/descpage-WOPT16.html,N
Wilson,3.6,Sensation 17,http://www.tennis-warehouse.com/descpage-SEN17.html,N
Wilson,3.5,Sensation 16,http://www.tennis-warehouse.com/descpage-SEN16.html,N
Wilson,3.3,Hollow Core 16,http://www.tennis-warehouse.com/descpage-TWHC16.html,N
Wilson,3.2,Extreme 16 Synthetic Gut,http://www.tennis-warehouse.com/descpage-EXT16.html,N
Wilson,3.1,SGX 16,http://www.tennis-warehouse.com/descpage-WSGX16.html,N
Wilson,3,NXT Control 16 (1.32),http://www.tennis-warehouse.com/descpage-NXTC16.html,N+
Wilson,3,Red Alert 16,http://www.tennis-warehouse.com/descpage-WRAS.html,N
Wilson,3,Sensation Supreme 16,http://www.tennis-warehouse.com/descpage-SSUP16.html,N
Wilson,3,Stamina 16,http://www.tennis-warehouse.com/descpage-STAM16.html,N
Wilson,2.8,Synthetic Gut Extreme 17,http://www.tennis-warehouse.com/descpage-EXT17.html,N
Wilson,2.5,NXT Max 16,http://www.tennis-warehouse.com/descpage-NXTMAX16.html,N
Wilson,2.5,NXT OS,http://www.tennis-warehouse.com/descpage-NXTOS16.html,N
Wilson,2.4,Reaction 16,http://www.tennis-warehouse.com/descpage-WR16.html,N
Wilson,2.3,Shock Shield 16,http://www.tennis-warehouse.com/descpage-WSS16.html,N
Wilson,2.2,Hollow Core Pro 16,http://www.tennis-warehouse.com/descpage-WHCP16.html,N
Wilson,2.2,Natural Gut 17,http://www.tennis-warehouse.com/descpage-WNAT17.html,G
Wilson,2,NXT 17,http://www.tennis-warehouse.com/descpage-NXT17.html,N
Wilson,1.6,K-Gut Pro 16,http://www.tennis-warehouse.com/descpage-WKGUTP16.html,N
Wilson,1.3,Natural Gut 16,http://www.tennis-warehouse.com/descpage-WNAT16.html,G
Yonex,4.8,Polytour Spin G 1.25,http://www.tennis-warehouse.com/descpage-YPTSG16LR.html,P
Yonex,3.4,Poly Tour Pro Yellow 16 (1.30),http://www.tennis-warehouse.com/descpage-YPTP130.html,P
Y-Tex,6.2,Quadro Twist 16L,http://www.tennis-warehouse.com/descpage-YTQTBK16L.html,P
